Workbook

Sheet سجل المخزن
A1: سجل مخزون المستلزمات الصحية ( الواقي الذكري , المزلقات الطبية , السرنجات, اشرطة فحص الايدز)
C2: المخزون | I2: الكمية الواردة | X2: الكمية المتبقية بالمخزن
O3: فرق الوصول الميداني | R3: المعمل/غرفة الفحص
A4: الرقم | B4: التاريخ
C5: اختبار تشخيص فيروس الايدز | D5: الواقي الذكري | E5: المزلقات الطبية | F5: السرنجات | G5: اختبار الزهري | H5: اختبار الزهري والايدز الثنائي | I5: اختبار تشخيص فيروس الايدز | J5: الواقي الذكري | K5: المزلقات الطبية | L5: السرنجات | M5: اختبار الزهري | N5: اختبار الزهري والايدز الثنائي | O5: الواقي الذكري | P5: المزلقات الطبية | Q5: السرنجات | R5: اختبار تشخيص فيروس الايدز | S5: الواقي الذكري | T5: المزلقات الطبية | U5: السرنجات | V5: اختبار الزهري | W5: اختبار الزهري والايدز الثنائي | X5: اختبار تشخيص فيروس الايدز | Y5: الواقي الذكري | Z5: المزلقات الطبية | AA5: السرنجات | AB5: اختبار الزهري | AC5: اختبار الزهري والايدز الثنائي
A6: 1 | B6: 46204 | C6: 22 | D6: 5322 | E6: 17 | F6: 19974 | G6: 8 | H6: 0 | I6: 150 | O6: 125 | P6: 0 | Q6: 510 | R6: 6 | V6: 0 | X6: =C6+I6-R6 -> 166 | Y6: =D6+J6-O6-S6 -> 5197 | Z6: =E6+K6-P6-T6 -> 17 | AA6: =F6+L6-Q6-U6 -> 19464 | AB6: =G6+M6-V6 -> 8 | AC6: =H6+N6-W6 -> 0
A7: 2 | B7: 46205 | C7: =X6 -> 166 | D7: =Y6 -> 5197 | E7: =Z6 -> 17 | F7: =AA6 -> 19464 | G7: =AB6 -> 8 | H7: =AC6 -> 0 | O7: 105 | P7: 0 | Q7: 480 | R7: 5 | V7: 0 | X7: =C7+I7-R7 -> 161 | Y7: =D7+J7-O7-S7 -> 5092 | Z7: =E7+K7-P7-T7 -> 17 | AA7: =F7+L7-Q7-U7 -> 18984 | AB7: =G7+M7-V7 -> 8 | AC7: =H7+N7-W7 -> 0
A8: 3 | B8: 46208 | C8: =X7 -> 161 | D8: =Y7 -> 5092 | E8: =Z7 -> 17 | F8: =AA7 -> 18984 | G8: =AB7 -> 8 | H8: =AC7 -> 0 | O8: 0 | P8: 0 | Q8: 120 | R8: 1 | V8: 0 | X8: =C8+I8-R8 -> 160 | Y8: =D8+J8-O8-S8 -> 5092 | Z8: =E8+K8-P8-T8 -> 17 | AA8: =F8+L8-Q8-U8 -> 18864 | AB8: =G8+M8-V8 -> 8 | AC8: =H8+N8-W8 -> 0
A9: 4 | B9: 46209 | C9: =X8 -> 160 | D9: =Y8 -> 5092 | E9: =Z8 -> 17 | F9: =AA8 -> 18864 | G9: =AB8 -> 8 | H9: =AC8 -> 0 | O9: 285 | P9: 0 | Q9: 1040 | R9: 10 | V9: 0 | X9: =C9+I9-R9 -> 150 | Y9: =D9+J9-O9-S9 -> 4807 | Z9: =E9+K9-P9-T9 -> 17 | AA9: =F9+L9-Q9-U9 -> 17824 | AB9: =G9+M9-V9 -> 8 | AC9: =H9+N9-W9 -> 0
A10: 5 | B10: 46210 | C10: =X9 -> 150 | D10: =Y9 -> 4807 | E10: =Z9 -> 17 | F10: =AA9 -> 17824 | G10: =AB9 -> 8 | H10: =AC9 -> 0 | O10: 180 | P10: 0 | Q10: 760 | R10: 8 | V10: 1 | X10: =C10+I10-R10 -> 142 | Y10: =D10+J10-O10-S10 -> 4627 | Z10: =E10+K10-P10-T10 -> 17 | AA10: =F10+L10-Q10-U10 -> 17064 | AB10: =G10+M10-V10 -> 7 | AC10: =H10+N10-W10 -> 0
A11: 6 | B11: 46211 | C11: =X10 -> 142 | D11: =Y10 -> 4627 | E11: =Z10 -> 17 | F11: =AA10 -> 17064 | G11: =AB10 -> 7 | H11: =AC10 -> 0 | O11: 130 | P11: 0 | Q11: 710 | R11: 8 | V11: 0 | X11: =C11+I11-R11 -> 134 | Y11: =D11+J11-O11-S11 -> 4497 | Z11: =E11+K11-P11-T11 -> 17 | AA11: =F11+L11-Q11-U11 -> 16354 | AB11: =G11+M11-V11 -> 7 | AC11: =H11+N11-W11 -> 0
A12: 7 | B12: 46212 | C12: =X11 -> 134 | D12: =Y11 -> 4497 | E12: =Z11 -> 17 | F12: =AA11 -> 16354 | G12: =AB11 -> 7 | H12: =AC11 -> 0 | O12: 85 | P12: 0 | Q12: 630 | R12: 7 | V12: 0 | X12: =C12+I12-R12 -> 127 | Y12: =D12+J12-O12-S12 -> 4412 | Z12: =E12+K12-P12-T12 -> 17 | AA12: =F12+L12-Q12-U12 -> 15724 | AB12: =G12+M12-V12 -> 7 | AC12: =H12+N12-W12 -> 0
A13: 8 | B13: 46215 | C13: =X12 -> 127 | D13: =Y12 -> 4412 | E13: =Z12 -> 17 | F13: =AA12 -> 15724 | G13: =AB12 -> 7 | H13: =AC12 -> 0 | O13: 70 | P13: 0 | Q13: 240 | R13: 4 | V13: 1 | X13: =C13+I13-R13 -> 123 | Y13: =D13+J13-O13-S13 -> 4342 | Z13: =E13+K13-P13-T13 -> 17 | AA13: =F13+L13-Q13-U13 -> 15484 | AB13: =G13+M13-V13 -> 6 | AC13: =H13+N13-W13 -> 0
A14: 9 | B14: 46216 | C14: =X13 -> 123 | D14: =Y13 -> 4342 | E14: =Z13 -> 17 | F14: =AA13 -> 15484 | G14: =AB13 -> 6 | H14: =AC13 -> 0 | O14: 145 | P14: 0 | Q14: 470 | R14: 6 | V14: 0 | X14: =C14+I14-R14 -> 117 | Y14: =D14+J14-O14-S14 -> 4197 | Z14: =E14+K14-P14-T14 -> 17 | AA14: =F14+L14-Q14-U14 -> 15014 | AB14: =G14+M14-V14 -> 6 | AC14: =H14+N14-W14 -> 0
A15: 10 | B15: 46217 | C15: =X14 -> 117 | D15: =Y14 -> 4197 | E15: =Z14 -> 17 | F15: =AA14 -> 15014 | G15: =AB14 -> 6 | H15: =AC14 -> 0 | O15: 120 | P15: 0 | Q15: 400 | R15: 4 | V15: 0 | X15: =C15+I15-R15 -> 113 | Y15: =D15+J15-O15-S15 -> 4077 | Z15: =E15+K15-P15-T15 -> 17 | AA15: =F15+L15-Q15-U15 -> 14614 | AB15: =G15+M15-V15 -> 6 | AC15: =H15+N15-W15 -> 0
A16: 11 | B16: 46218 | C16: =X15 -> 113 | D16: =Y15 -> 4077 | E16: =Z15 -> 17 | F16: =AA15 -> 14614 | G16: =AB15 -> 6 | H16: =AC15 -> 0 | O16: 60 | P16: 0 | Q16: 110 | R16: 3 | V16: 0 | X16: =C16+I16-R16 -> 110 | Y16: =D16+J16-O16-S16 -> 4017 | Z16: =E16+K16-P16-T16 -> 17 | AA16: =F16+L16-Q16-U16 -> 14504 | AB16: =G16+M16-V16 -> 6 | AC16: =H16+N16-W16 -> 0
A17: 12 | B17: 46219 | C17: =X16 -> 110 | D17: =Y16 -> 4017 | E17: =Z16 -> 17 | F17: =AA16 -> 14504 | G17: =AB16 -> 6 | H17: =AC16 -> 0 | O17: 215 | P17: 0 | Q17: 1060 | R17: 11 | V17: 1 | X17: =C17+I17-R17 -> 99 | Y17: =D17+J17-O17-S17 -> 3802 | Z17: =E17+K17-P17-T17 -> 17 | AA17: =F17+L17-Q17-U17 -> 13444 | AB17: =G17+M17-V17 -> 5 | AC17: =H17+N17-W17 -> 0
A18: 13 | B18: 46222 | C18: =X17 -> 99 | D18: =Y17 -> 3802 | E18: =Z17 -> 17 | F18: =AA17 -> 13444 | G18: =AB17 -> 5 | H18: =AC17 -> 0 | O18: 220 | P18: 0 | Q18: 1060 | R18: 12 | V18: 1 | X18: =C18+I18-R18 -> 87 | Y18: =D18+J18-O18-S18 -> 3582 | Z18: =E18+K18-P18-T18 -> 17 | AA18: =F18+L18-Q18-U18 -> 12384 | AB18: =G18+M18-V18 -> 4 | AC18: =H18+N18-W18 -> 0
... A25: 20 | B25: 46233 | C25: =X24 -> 36 | D25: =Y24 -> 2677 | E25: =Z24 -> 17 | F25: =AA24 -> 7604 | G25: =AB24 -> 3 | H25: =AC24 -> 0 | O25: 325 | P25: 0 | Q25: 1200 | R25: 10 | V25: 0 | X25: =C25+I25-R25 -> 26 | Y25: =D25+J25-O25-S25 -> 2352 | Z25: =E25+K25-P25-T25 -> 17 | AA25: =F25+L25-Q25-U25 -> 6404 | AB25: =G25+M25-V25 -> 3 | AC25: =H25+N25-W25 -> 0
A26: المجموع | I26: =SUM(I6:I25) -> 150 | J26: =SUM(J6:J25) -> 0 | K26: =SUM(K6:K25) -> 0 | L26: =SUM(L6:L25) -> 0 | M26: =SUM(M6:M25) -> 0 | N26: =SUM(N6:N25) -> 0 | O26: =SUM(O6:O25) -> 2970 | P26: =SUM(P6:P25) -> 0 | ... W26: =SUM(W6:W25) -> 0

Sheet التقرير الشهري
A1: التقرير الشهري
A2: الرقم | B2: الصنف | C2: التقرير | K2: الطلبية
C3: الكمية بداية الشهر | D3: اجمالي الكمية المستلمة خلال الشهر | E3: اجمالي الكمية المستهلكة خلال الشهر | F3: الفقد (في حالة انتهاء صلاحية الصنف اوتوزيع الي جمعية اخري) | G3: الاضافة (في حالة اضافة كمية من جمعية اخري او توفير الصنف من مصادر اخري) | H3: الكمية نهاية الشهر بالمخزن | I3: الكمية نهاية الشهر( الفرق الميداني-المعمل) | J3: مجموع الكمية المتبقية | K3: الحد الادني للمخزون ( الكمية المستهلكه خلال الشهر) | L3: الحد الأعلي للمخزون ( الكمية المستهلكه خلال الشهر 4X ) | M3: الكمية المطلوبة ( الحد الاعلي - الكمية نهاية الشهر)
A4: 1 | B4: اشرطة الفحص السريع لفيروس الايدز | C4: ='سجل المخزن'!C6 -> 22 | D4: ='سجل المخزن'!I6 -> 150 | E4: =G4+'سجل المخزن'!R26 -> 146 | H4: ='سجل المخزن'!X25 -> 26 | J4: =H4+I4 -> 26 | K4: =E4 -> 146 | L4: =K4*4 -> 584 | M4: =L4-H4 -> 558
A5: 2 | B5: الواقي الذكري | C5: ='سجل المخزن'!D6 -> 5322 | D5: ='سجل المخزن'!J22 -> 0 | E5: ='سجل المخزن'!O26 -> 2970 | H5: ='سجل المخزن'!Y25 -> 2352 | J5: =H5+I5 -> 2352 | K5: =E5 -> 2970 | L5: =K5*4 -> 11880 | M5: =L5-H5 -> 9528
A6: 3 | B6: المزلقات الطبية | C6: ='سجل المخزن'!E6 -> 17 | D6: ='سجل المخزن'!K22 -> 0 | E6: ='سجل المخزن'!P26 -> 0 | H6: ='سجل المخزن'!Z25 -> 17 | J6: =H6+I6 -> 17 | K6: =E6 -> 0 | L6: =K6*4 -> 0 | M6: =L6-H6 -> -17
A7: 4 | B7: السرنجات | C7: ='سجل المخزن'!F6 -> 19974 | D7: ='سجل المخزن'!L22 -> 0 | E7: =G7+'سجل المخزن'!Q26 -> 13570 | H7: ='سجل المخزن'!AA25 -> 6404 | J7: =H7+I7 -> 6404 | K7: =E7 -> 13570 | L7: =K7*4 -> 54280 | M7: =L7-H7 -> 47876
B8: اختبار الزهري | C8: ='سجل المخزن'!G6 -> 8 | D8: ='سجل المخزن'!M22 -> 0 | E8: =G8+'سجل المخزن'!V26 -> 5 | H8: =C8+D8-E8 -> 3 | J8: =H8+I8 -> 3 | K8: =E8 -> 5 | L8: =K8*4 -> 20 | M8: =L8-H8 -> 17
B9: اختبار الزهري والايدز الثنائي | C9: ='سجل المخزن'!H6 -> 0 | D9: ='سجل المخزن'!N22 -> 0 | E9: ='سجل المخزن'!W26 -> 0 | H9: =C9+D9-E9 -> 0 | J9: =H9+I9 -> 0 | K9: =E9 -> 0 | L9: =K9*4 -> 0 | M9: =L9-H9 -> 0
A10: 5 | B10: الفحص الذاتي Self-Test | C10: 0 | E10: 0 | H10: =C10+D10+G10-E10 -> 0 | K10: =E10 -> 0 | L10: =K10*4 -> 0 | M10: =L10-H10 -> 0
A11: 6 | B11: وقاية ما قبل التعرض)PEP) | C11: 1110 | E11: 0 | H11: =C11+D11+G11-E11 -> 1110 | K11: =E11 -> 0 | L11: =K11*4 -> 0 | M11: 0
J14: ملحوظة*** في حال كان إجمالي الكمية المتبقية بالجمعية أقل من مخزون شهر واحد، يظهر الصنف باللون الأحمر

Sheet Sheet2

Sheet Sheet3
